,ADANIPORTS_Volume,ADANIPORTS_Close,ASIANPAINT_Volume,ASIANPAINT_Close,AXISBANK_Volume,AXISBANK_Close,BAJAJ_AUTO_Volume,BAJAJ_AUTO_Close,BAJFINANCE_Volume,BAJFINANCE_Close,BAJAJFINSV_Volume,BAJAJFINSV_Close,BHARTIARTL_Volume,BHARTIARTL_Close,BPCL_Volume,BPCL_Close,BRITANNIA_Volume,BRITANNIA_Close,CIPLA_Volume,CIPLA_Close,COALINDIA_Volume,COALINDIA_Close,DIVISLAB_Volume,DIVISLAB_Close,DRREDDY_Volume,DRREDDY_Close,EICHERMOT_Volume,EICHERMOT_Close,GRASIM_Volume,GRASIM_Close,HCLTECH_Volume,HCLTECH_Close,HDFC_Volume,HDFC_Close,HDFCBANK_Volume,HDFCBANK_Close,HDFCLIFE_Volume,HDFCLIFE_Close,HEROMOTOCO_Volume,HEROMOTOCO_Close,HINDALCO_Volume,HINDALCO_Close,HINDUNILVR_Volume,HINDUNILVR_Close,ICICIBANK_Volume,ICICIBANK_Close,INDUSINDBK_Volume,INDUSINDBK_Close,INFY_Volume,INFY_Close,IOC_Volume,IOC_Close,ITC_Volume,ITC_Close,JSWSTEEL_Volume,JSWSTEEL_Close,KOTAKBANK_Volume,KOTAKBANK_Close,LT_Volume,LT_Close,MM_Volume,MM_Close,MARUTI_Volume,MARUTI_Close,NESTLEIND_Volume,NESTLEIND_Close,NTPC_Volume,NTPC_Close,ONGC_Volume,ONGC_Close,POWERGRID_Volume,POWERGRID_Close,RELIANCE_Volume,RELIANCE_Close,SBIN_Volume,SBIN_Close,SBILIFE_Volume,SBILIFE_Close,SHREECEM_Volume,SHREECEM_Close,SUNPHARMA_Volume,SUNPHARMA_Close,TATAMOTORS_Volume,TATAMOTORS_Close,TATASTEEL_Volume,TATASTEEL_Close,TCS_Volume,TCS_Close,TECHM_Volume,TECHM_Close,TITAN_Volume,TITAN_Close,ULTRACEMCO_Volume,ULTRACEMCO_Close,UPL_Volume,UPL_Close,WIPRO_Volume,WIPRO_Close,NIFTY_50_Volume,NIFTY_50_Close,Label
223,2049167.0,308.15,1245311.0,809.95,8160665.0,556.25,579513.0,2017.85,35210.0,4020.5,785973.0,1379.8,6540065.0,380.25,964941.0,727.05,557787.0,2133.45,1874430.0,699.8,2118984.0,368.25,161556.0,1806.3,307930.0,3426.6,33878.0,16017.5,54011.0,3615.45,3135554.0,979.9,3871319.0,1338.45,1620809.0,1055.9,1014252.0,373.25,307523.0,2609.95,4836454.0,132.05,1854369.0,895.75,21262976.0,318.6,751604.0,886.35,1607724.0,2257.45,688411.0,344.1,7048608.0,327.45,773380.0,920.95,794887.0,1339.7,1685674.0,1670.35,1572027.0,1165.3,206403.0,3623.85,27446.0,7264.1,17171691.0,145.5,3195868.0,311.35,2117068.0,148.2,2378572.0,854.1,11482652.0,278.25,136148.0,660.85,51853.0,11037.85,2371025.0,1026.65,5065418.0,547.6,5776131.0,328.7,981954.0,2610.95,3616042.0,678.3,461698.0,392.7,284773.0,2855.05,2324985.0,417.3,2257073.0,652.65,179982752.0,8570.9,0
224,1387396.0,303.85,759196.0,811.6,4191424.0,555.2,420806.0,2031.75,45459.0,3993.0,55362.0,1335.3,3196617.0,383.25,711185.0,715.4,50567.0,2102.7,825791.0,701.3,2544068.0,369.0,96855.0,1804.05,189693.0,3458.65,18825.0,15865.95,48333.0,3629.75,1948568.0,968.4,1772832.0,1345.7,1361685.0,1047.75,799151.0,368.85,202857.0,2637.1,6306085.0,135.9,989354.0,902.4,10470026.0,313.8,955973.0,888.35,1269675.0,2233.45,269610.0,341.95,7595698.0,327.4,648797.0,918.2,467600.0,1335.85,1121588.0,1672.85,1235061.0,1185.5,192986.0,3594.4,23625.0,7133.9,7423310.0,150.15,3059875.0,314.4,2390266.0,149.2,3029112.0,841.95,13058026.0,274.75,105281.0,660.4,23920.0,10796.85,1972135.0,1024.25,3120391.0,551.45,3580330.0,331.4,783304.0,2617.15,3672301.0,656.8,498876.0,390.85,213023.0,2829.0,1140061.0,419.8,1149989.0,645.1,155425780.0,8550.9,1
225,2447607.0,307.1,755974.0,813.3,6309451.0,558.05,1002496.0,2028.0,22091.0,3968.05,60042.0,1341.35,7301973.0,393.85,2070866.0,740.8,103673.0,2148.75,976875.0,710.25,1960112.0,370.05,90319.0,1820.3,522455.0,3511.45,33307.0,15501.1,58310.0,3593.4,2649348.0,970.35,4545753.0,1358.85,2243391.0,1037.95,1559187.0,376.25,514291.0,2605.1,4386125.0,132.85,1288989.0,887.2,16554135.0,311.9,704010.0,884.85,1684133.0,2211.45,540688.0,347.25,7143657.0,326.55,651891.0,902.55,324316.0,1340.75,1395832.0,1672.15,1018767.0,1192.05,227226.0,3587.3,26775.0,7021.65,6418011.0,152.7,2509703.0,313.4,2908638.0,147.95,2111750.0,847.95,17585259.0,270.55,164292.0,658.25,9937.0,10586.4,2573597.0,1037.15,4471090.0,532.25,4453740.0,327.15,1197439.0,2591.3,3793847.0,659.65,408226.0,387.25,389917.0,2801.5,725735.0,414.45,1314563.0,652.25,161465466.0,8542.95,1
226,2456872.0,314.75,834390.0,808.5,5578540.0,562.2,722561.0,2016.85,22256.0,3948.2,152832.0,1374.85,10251492.0,395.0,1436088.0,748.7,125959.0,2161.35,1175071.0,711.45,1851588.0,361.8,104614.0,1799.9,393983.0,3510.6,45118.0,15572.8,92771.0,3570.4,3759287.0,1007.15,3628829.0,1354.55,2652225.0,1034.25,837452.0,371.4,401570.0,2595.75,2895061.0,132.9,2848966.0,886.4,13735687.0,316.9,715430.0,871.05,1542742.0,2219.1,585546.0,351.85,4833171.0,326.75,655333.0,909.85,368787.0,1326.55,1682841.0,1632.75,747569.0,1210.35,201854.0,3614.75,27132.0,7041.8,15931009.0,147.35,2759737.0,309.65,3379593.0,146.5,2346393.0,844.9,15824629.0,265.4,215118.0,669.3,17323.0,11067.35,4242685.0,1052.05,8533721.0,541.85,3544781.0,323.15,1112429.0,2573.75,3053431.0,656.35,636108.0,390.45,389212.0,2766.0,959717.0,419.95,1098652.0,661.1,165952155.0,8530.8,1
227,3406327.0,304.2,1516627.0,793.1,9233047.0,544.3,1046160.0,2004.3,20055.0,3956.55,64692.0,1379.2,11406895.0,399.65,2739537.0,762.3,155962.0,2193.8,2634979.0,700.95,3834991.0,352.3,108600.0,1806.0,537319.0,3445.7,141418.0,15538.2,179472.0,3549.15,3524064.0,987.4,6239936.0,1283.7,8950155.0,1006.95,711888.0,369.7,715178.0,2603.75,7955596.0,129.55,2570353.0,865.9,31792466.0,307.95,2107203.0,860.35,3935210.0,2146.35,1169999.0,349.55,16128731.0,322.4,965428.0,884.85,1996369.0,1305.4,3488192.0,1634.45,2690314.0,1201.1,489101.0,3561.45,42361.0,6845.2,21961628.0,144.0,7905361.0,301.6,6664849.0,145.1,4713693.0,829.3,22253318.0,256.65,325212.0,664.2,22107.0,11066.4,2974909.0,1027.7,6475129.0,524.25,6516994.0,315.6,1545821.0,2513.1,3774322.0,651.15,1419196.0,389.75,433234.0,2795.8,1694828.0,426.85,2292616.0,631.9,288758332.0,8342.15,1
228,3371344.0,305.0,1557785.0,778.15,10655577.0,546.4,439910.0,2016.9,14884.0,3961.65,69755.0,1356.35,8433322.0,376.5,1756690.0,749.6,175022.0,2154.0,2072818.0,694.0,2344094.0,348.0,70132.0,1794.25,243912.0,3415.4,39800.0,15490.75,55709.0,3568.95,2140165.0,962.85,3115046.0,1262.7,2710224.0,1014.65,503122.0,365.7,584370.0,2576.15,5241353.0,133.95,2023538.0,851.3,15803564.0,314.55,1088061.0,880.75,2518555.0,2202.15,625549.0,346.5,14268835.0,317.5,564921.0,911.9,488569.0,1299.15,3183228.0,1677.75,790453.0,1188.5,204071.0,3610.05,26243.0,6815.05,4464698.0,145.6,3927963.0,304.95,1957037.0,144.75,5332142.0,811.7,19423101.0,263.6,121399.0,672.4,20124.0,10907.05,1999967.0,1011.2,4671141.0,535.35,4019204.0,315.1,1375888.0,2514.8,3223159.0,645.9,670005.0,392.85,267173.0,2801.85,2625045.0,435.25,2559929.0,612.15,198979321.0,8341.4,1
229,3039118.0,308.55,847421.0,807.45,6631597.0,563.55,235638.0,2028.0,24345.0,3999.65,52910.0,1399.45,4656455.0,389.4,1200641.0,769.3,154249.0,2162.15,1612745.0,702.2,2451097.0,359.3,69032.0,1810.05,281925.0,3425.3,38394.0,16018.9,80872.0,3631.1,1637532.0,980.45,2242522.0,1306.2,1738786.0,1036.9,838685.0,359.95,281366.0,2644.3,3651285.0,131.15,1415143.0,862.05,12854659.0,318.7,411951.0,887.95,1155772.0,2228.0,492154.0,354.5,11011178.0,327.55,525643.0,912.0,851656.0,1311.85,2239339.0,1728.75,690633.0,1200.3,152167.0,3660.95,45193.0,6944.0,4132541.0,147.6,4401179.0,315.2,2452222.0,145.0,3961481.0,810.75,12303870.0,267.9,88542.0,666.95,10151.0,10752.4,1613058.0,1010.8,3969941.0,540.0,2990579.0,322.4,669503.0,2564.15,3887546.0,626.95,420532.0,391.35,340546.0,2944.05,1485677.0,440.6,1277713.0,623.4,142061290.0,8492.3,1
230,2590770.0,308.2,947718.0,811.3,5970862.0,560.2,263684.0,2016.6,37701.0,4108.45,98529.0,1414.55,6047311.0,393.3,2621292.0,810.8,94462.0,2158.55,2267378.0,712.45,3477225.0,362.9,196272.0,1785.45,280091.0,3488.75,38680.0,15908.15,85230.0,3622.35,1863338.0,980.4,2877703.0,1315.7,1490564.0,1022.7,2217572.0,364.75,493733.0,2639.8,8516432.0,129.0,1503993.0,873.55,13016081.0,315.5,583298.0,886.0,2004103.0,2218.35,2317136.0,368.65,8186377.0,325.85,686799.0,906.55,382251.0,1313.25,1875722.0,1719.65,811454.0,1187.8,294635.0,3697.35,64200.0,6947.35,6997714.0,146.85,4568895.0,306.35,2698848.0,145.25,4625471.0,826.0,19482636.0,267.05,82766.0,664.85,24882.0,10793.8,1939047.0,1023.9,5352135.0,550.2,3934898.0,316.75,1213514.0,2553.95,3125329.0,629.7,438421.0,391.6,465222.0,2877.9,2623854.0,442.15,1689533.0,628.85,177059509.0,8491.0,1
231,1026200.0,310.95,898480.0,821.7,3753262.0,569.65,208545.0,2019.8,12923.0,4140.05,44811.0,1427.55,5494883.0,402.3,1065969.0,804.2,245908.0,2177.55,1693796.0,709.6,1428949.0,363.0,68003.0,1802.35,282785.0,3533.65,45879.0,16019.5,41115.0,3694.05,4140584.0,940.85,1492126.0,1337.05,961049.0,1033.25,527295.0,359.85,375681.0,2655.85,7180617.0,132.2,865861.0,883.5,8355300.0,323.15,954252.0,925.25,1684622.0,2173.95,846543.0,370.6,7226519.0,332.45,692289.0,909.65,482614.0,1361.05,1000220.0,1734.25,689971.0,1202.1,694487.0,3644.7,13749.0,6923.15,3038207.0,147.75,2214377.0,306.45,1579544.0,146.45,3334693.0,836.05,12383589.0,273.45,169872.0,669.4,34015.0,10878.2,4104961.0,1081.15,4177702.0,564.9,3086061.0,323.65,1037879.0,2542.65,4892589.0,632.7,452828.0,390.4,371347.0,2883.7,1263388.0,440.7,1191542.0,633.2,136312446.0,8586.25,1
232,2039045.0,321.25,687263.0,824.5,4305263.0,569.05,281023.0,2036.4,12749.0,4240.85,29528.0,1426.6,4348717.0,400.8,852662.0,802.1,158584.0,2216.7,2457940.0,735.65,1248881.0,360.75,216209.0,1877.25,436764.0,3677.85,65313.0,15782.45,29452.0,3698.1,3864374.0,932.05,2076100.0,1330.6,1787793.0,1031.95,1787348.0,359.8,365024.0,2672.7,5542921.0,134.7,1482378.0,907.95,9557069.0,321.25,573759.0,914.95,1935438.0,2178.2,630017.0,374.0,12877285.0,341.0,437465.0,900.8,1107901.0,1397.6,1821386.0,1757.9,906887.0,1242.65,262771.0,3628.95,24913.0,7121.35,3393269.0,152.1,3704302.0,317.25,2989940.0,147.95,2819367.0,824.65,12925445.0,274.65,139910.0,679.05,6372.0,10865.45,4805720.0,1169.3,5728358.0,568.15,3669674.0,318.1,784271.0,2547.3,5050758.0,643.35,904638.0,403.6,137119.0,2892.55,1888769.0,450.3,1476030.0,621.15,150877855.0,8659.9,1
233,1913068.0,323.9,769528.0,835.2,6754389.0,557.85,374689.0,2094.55,18449.0,4341.2,42060.0,1431.2,4228563.0,404.75,889803.0,795.7,158628.0,2259.1,1652776.0,728.2,1859700.0,359.6,251702.0,1935.25,232946.0,3684.85,32689.0,15983.3,66639.0,3766.3,2174069.0,934.55,1946193.0,1328.7,1549268.0,1032.75,1755867.0,366.2,359998.0,2632.35,6514199.0,136.95,1212932.0,913.45,8953902.0,317.4,738125.0,906.95,2135567.0,2159.5,1130827.0,372.2,7033050.0,340.6,775509.0,937.6,1574149.0,1386.85,1428322.0,1769.7,661041.0,1268.85,306684.0,3599.9,17718.0,7157.45,4590794.0,156.3,2327210.0,319.0,1382076.0,147.95,4863211.0,832.85,12933524.0,272.05,1353205.0,676.1,10259.0,10954.95,3978093.0,1152.05,3201751.0,560.35,7293723.0,333.5,943461.0,2585.0,1922672.0,652.85,636179.0,406.6,283978.0,2931.85,2842805.0,473.25,1854541.0,615.05,141765381.0,8660.3,0
234,1317175.0,319.15,982733.0,846.85,5750765.0,555.9,243842.0,2099.5,18824.0,4489.2,44559.0,1455.6,5761565.0,419.15,2316704.0,819.65,138615.0,2258.75,2259141.0,736.7,6874570.0,380.35,200744.0,1943.45,443971.0,3755.45,76696.0,16524.85,44248.0,3800.25,1793667.0,958.85,2589418.0,1299.7,1026536.0,1035.55,451965.0,369.8,1053590.0,2605.8,6176434.0,137.95,1296825.0,912.55,8325976.0,315.1,456811.0,901.95,2546394.0,2200.55,2749856.0,377.15,8254426.0,346.25,539285.0,932.0,301712.0,1371.6,1377962.0,1779.45,527368.0,1274.2,256031.0,3628.7,12695.0,7046.2,2557234.0,156.1,3984166.0,313.0,2255085.0,147.3,5673710.0,865.9,9913899.0,273.9,125634.0,676.0,1880.0,10788.35,2732857.0,1150.45,3774897.0,561.5,6284727.0,336.1,826067.0,2641.4,3505745.0,672.3,534912.0,407.45,270787.0,2986.45,1741004.0,462.25,1788943.0,616.3,149617725.0,8714.4,0
235,1503986.0,316.7,1019655.0,853.15,9653162.0,572.15,219282.0,2098.55,53518.0,4504.65,44377.0,1464.65,4665113.0,407.2,1041950.0,811.85,164822.0,2277.9,1409699.0,719.45,3309241.0,386.95,199551.0,1934.0,309859.0,3740.25,53850.0,16302.5,32974.0,3768.4,1337066.0,964.15,3333998.0,1303.05,1750696.0,1056.1,386859.0,372.3,1041470.0,2611.6,6142066.0,139.9,1237632.0,926.45,12287482.0,320.6,1086130.0,943.9,2645387.0,2215.0,952355.0,375.0,5111691.0,347.15,1258324.0,952.7,1609223.0,1430.6,1135253.0,1770.8,606964.0,1274.55,238584.0,3659.2,30467.0,7101.0,2900768.0,157.35,3808846.0,310.15,1362527.0,151.0,6234931.0,895.1,13471276.0,280.85,391766.0,676.6,10067.0,11091.9,3143647.0,1113.45,3043135.0,559.9,6151508.0,346.05,1272225.0,2664.55,1882337.0,670.4,756901.0,399.95,192790.0,2963.95,1885806.0,454.25,1321860.0,617.15,158192905.0,8778.3,0
236,2127407.0,319.8,802074.0,859.45,4938698.0,568.05,156593.0,2098.75,32451.0,4522.1,24306.0,1454.85,4599422.0,411.95,1349753.0,820.05,153299.0,2277.9,2038210.0,701.15,3579563.0,389.0,59441.0,1938.25,215427.0,3797.4,38681.0,16230.25,26571.0,3792.7,1418739.0,967.25,2003341.0,1290.35,1529831.0,1042.65,1073936.0,372.5,654704.0,2583.85,4860480.0,137.9,1161659.0,933.8,8230199.0,318.3,761095.0,945.25,1780944.0,2233.95,784444.0,375.05,3728914.0,346.65,793721.0,951.9,883286.0,1422.4,943728.0,1764.0,464277.0,1286.75,201302.0,3666.6,44957.0,7098.5,2667347.0,155.65,5795596.0,309.75,1237584.0,152.7,5788462.0,904.35,16880558.0,285.75,232965.0,673.3,19680.0,10803.2,2880186.0,1119.75,2808049.0,562.65,4816228.0,342.7,907772.0,2653.75,1675314.0,660.2,969396.0,400.55,118815.0,2969.05,1762467.0,463.4,1075974.0,617.7,141464357.0,8780.35,0
237,2405161.0,330.8,805167.0,862.05,4596222.0,566.0,250008.0,2095.3,30082.0,4453.75,16832.0,1438.4,3882509.0,425.7,971008.0,818.4,277352.0,2310.2,1497566.0,712.4,2909461.0,392.35,135943.0,1932.65,263460.0,3795.35,43662.0,16070.7,28531.0,3780.5,1549571.0,976.05,2030711.0,1305.25,1140809.0,1038.8,2557300.0,386.6,420050.0,2580.7,5017864.0,136.1,1374251.0,949.15,8009699.0,316.9,847695.0,949.75,1218084.0,2238.8,706863.0,376.95,7261102.0,351.5,635916.0,942.3,813198.0,1445.6,1572209.0,1803.5,786571.0,1247.8,218690.0,3665.2,29502.0,7098.55,2657574.0,157.3,1864743.0,311.85,1242378.0,154.35,4612201.0,922.5,11985436.0,286.3,717060.0,670.05,20188.0,10437.65,2036205.0,1150.95,2889208.0,556.25,3442898.0,345.2,654321.0,2655.5,1357726.0,664.4,1399618.0,414.85,238104.0,3001.45,3325753.0,474.7,866150.0,624.2,122833397.0,8834.0,0
238,1576904.0,325.75,1279621.0,839.05,8869483.0,550.2,190435.0,2075.0,38327.0,4456.0,23320.0,1421.7,3500240.0,415.15,1178017.0,802.4,207468.0,2344.55,1604656.0,692.9,4149634.0,385.95,169169.0,1922.6,293648.0,3753.6,44445.0,15872.7,42704.0,3804.6,1549286.0,944.5,2830551.0,1290.45,1223499.0,1031.65,2065266.0,399.15,726309.0,2524.55,8714291.0,135.15,924855.0,934.7,10270686.0,315.0,862700.0,946.55,1559446.0,2213.7,708832.0,372.95,11661496.0,354.95,282151.0,928.75,2520902.0,1443.9,1520329.0,1787.65,1824112.0,1208.9,232802.0,3680.25,23427.0,7068.4,3425071.0,154.35,6055826.0,317.15,1311084.0,151.55,5081693.0,923.65,17289500.0,290.0,1979234.0,642.65,64431.0,10533.7,3103257.0,1117.3,4118983.0,540.45,3199963.0,337.65,1456967.0,2627.75,3785304.0,659.85,947070.0,411.35,585767.0,2986.5,3550023.0,460.85,1371735.0,606.65,170458015.0,8750.2,0
239,1676768.0,327.5,1366075.0,822.25,7288785.0,550.8,252040.0,2088.05,10448.0,4584.95,24264.0,1434.6,3091097.0,418.0,1333628.0,800.9,161860.0,2329.15,1787533.0,678.85,2034424.0,383.65,171956.0,1896.6,233587.0,3680.3,108100.0,15837.2,98200.0,3730.0,1028691.0,954.25,3456440.0,1306.8,1402530.0,1029.65,1231518.0,397.65,1443068.0,2430.1,5457847.0,137.15,1071747.0,933.1,8802458.0,312.5,3431738.0,934.45,2251953.0,2194.65,633348.0,363.9,5243825.0,350.1,507554.0,941.6,728246.0,1418.4,1501255.0,1754.3,1141175.0,1228.5,206305.0,3677.9,26406.0,7026.8,2617615.0,156.1,6557857.0,327.65,1401807.0,150.7,4612192.0,928.35,15043998.0,292.4,350633.0,623.0,14157.0,10451.5,2725037.0,1087.95,4027716.0,541.25,3770739.0,337.7,1608785.0,2582.8,1850395.0,656.05,884632.0,406.25,301285.0,2895.05,1788201.0,451.95,2451912.0,601.95,149337173.0,8706.7,0
240,1471127.0,322.75,685338.0,816.8,6618167.0,533.7,178998.0,2065.3,18722.0,4529.45,21005.0,1422.15,5556587.0,405.95,1094614.0,797.85,113874.0,2298.95,2231820.0,680.4,2106426.0,380.4,216144.0,1893.5,258444.0,3647.15,57568.0,15311.1,71433.0,3647.2,1569116.0,940.1,2204849.0,1306.7,1012253.0,1018.25,279874.0,403.6,1198446.0,2410.5,8674061.0,139.75,764984.0,937.65,10581425.0,310.1,2706290.0,876.0,1612579.0,2179.25,519546.0,359.4,5871559.0,351.85,820956.0,956.25,585706.0,1386.55,998665.0,1739.75,457307.0,1224.5,99056.0,3646.8,14346.0,7000.85,3192655.0,158.0,4267914.0,330.0,2062579.0,150.1,5476551.0,926.85,16819018.0,291.75,208275.0,612.45,22748.0,10039.1,3749872.0,1037.75,2728290.0,535.35,6980772.0,346.0,4834371.0,2474.85,2224178.0,641.05,603542.0,395.05,505583.0,2809.15,2555563.0,428.9,1564242.0,586.85,155474164.0,8606.0,0
241,2002115.0,313.5,920198.0,808.95,7836613.0,518.25,257106.0,2022.05,19099.0,4558.25,53508.0,1338.9,3282831.0,402.3,1300180.0,803.5,262487.0,2170.0,1915626.0,660.0,3400318.0,372.05,236892.0,1824.9,302996.0,3567.0,90233.0,14762.0,67827.0,3612.0,1611552.0,924.3,2966624.0,1268.65,1297220.0,1005.1,1078490.0,401.35,1710612.0,2316.35,5669966.0,138.25,879556.0,913.45,10603355.0,311.15,1937207.0,843.75,3206346.0,2132.15,935471.0,359.45,7517021.0,341.9,955217.0,962.7,1214792.0,1370.9,1583554.0,1698.45,1682102.0,1187.7,175033.0,3608.05,15258.0,6953.2,2379637.0,154.4,3024135.0,321.8,1281928.0,149.8,8601165.0,885.65,13788536.0,287.65,1139496.0,613.35,31069.0,10050.4,2941375.0,1043.8,5011252.0,533.2,6266956.0,344.45,1445361.0,2428.8,2301636.0,632.3,934634.0,394.95,496778.0,2778.15,1997796.0,409.9,1485403.0,575.4,154492312.0,8448.1,0
243,2317579.0,313.7,1779318.0,785.45,6947536.0,540.1,326374.0,1983.7,17256.0,4279.9,28409.0,1324.6,4199482.0,399.4,1925700.0,805.05,283304.0,2066.25,1969424.0,656.7,2165103.0,379.2,178388.0,1798.05,339644.0,3570.3,110913.0,14366.15,56226.0,3670.0,3967341.0,877.3,2774253.0,1277.2,1691484.0,1013.1,637189.0,398.55,840590.0,2409.4,6263990.0,134.65,2106687.0,907.15,11142006.0,312.95,1350387.0,846.25,3087746.0,2137.7,999368.0,363.45,7179010.0,343.4,633768.0,960.45,849809.0,1362.25,1850766.0,1745.6,831218.0,1212.95,422446.0,3462.95,17374.0,6872.05,2768504.0,152.7,4904431.0,312.3,2727927.0,147.05,3374188.0,879.75,17741741.0,283.85,367015.0,566.05,27234.0,10102.4,10905987.0,967.8,4311384.0,523.5,4784322.0,351.35,2093406.0,2445.1,3464944.0,629.8,517359.0,396.1,361828.0,2792.8,2093006.0,429.85,6270181.0,544.55,176926942.0,8429.7,0
244,1069160.0,318.6,1275295.0,786.4,5464184.0,538.2,145385.0,1991.05,77224.0,4274.65,18612.0,1361.6,5744973.0,399.85,851651.0,802.55,160707.0,2151.65,3600202.0,663.95,2812629.0,384.25,105824.0,1790.75,171687.0,3528.8,47521.0,14747.05,44495.0,3639.3,3195690.0,895.0,3429256.0,1276.05,2406957.0,1013.5,1334156.0,401.45,1012419.0,2390.55,6782890.0,135.05,1027886.0,902.65,9411673.0,311.85,1373721.0,858.75,2972950.0,2122.0,1183125.0,368.5,5949753.0,342.1,987193.0,985.55,505623.0,1377.55,1698155.0,1724.1,829409.0,1198.85,234616.0,3494.45,35827.0,6908.7,2400684.0,149.5,3466034.0,307.95,1977262.0,146.65,3048801.0,877.05,13874710.0,277.65,141456.0,577.25,9727.0,10330.15,9450660.0,942.0,4961920.0,512.0,12192278.0,369.45,2171495.0,2457.25,3887545.0,615.2,743194.0,403.45,220291.0,2728.3,1526047.0,437.25,3043814.0,534.25,169840748.0,8398.3,0
245,1316393.0,316.3,1123939.0,771.35,6533254.0,527.25,269572.0,1998.85,28969.0,4139.9,20855.0,1360.25,7402536.0,399.15,690014.0,780.5,191441.0,2139.7,1623284.0,637.65,2896474.0,376.25,87786.0,1776.1,186232.0,3484.15,122626.0,14720.5,25474.0,3663.05,3203245.0,896.95,1693928.0,1245.15,1801311.0,1006.45,570933.0,397.8,1960963.0,2352.8,7487405.0,131.15,1122637.0,889.5,12256632.0,308.25,1042505.0,830.55,10891363.0,1995.2,1022638.0,355.8,11545879.0,347.95,699639.0,956.6,846360.0,1368.25,1458168.0,1678.6,2021195.0,1172.1,332449.0,3541.4,10639.0,6849.75,3337315.0,149.8,4934294.0,316.85,1470070.0,145.85,2905259.0,878.9,10049508.0,275.55,615329.0,551.8,13867.0,10041.6,10416821.0,947.4,4302328.0,516.2,8458618.0,370.5,1812579.0,2493.05,3375425.0,587.5,738949.0,395.9,361319.0,2706.95,1267341.0,434.7,3565799.0,523.2,177843969.0,8305.25,0
246,2330507.0,305.95,1625216.0,744.8,7839080.0,524.2,228380.0,1984.45,41701.0,3995.2,14405.0,1326.05,15164337.0,391.0,1242333.0,732.3,96251.0,2071.5,1502771.0,628.45,2202533.0,377.65,232723.0,1739.3,544699.0,3385.6,98264.0,14771.05,77792.0,3613.7,1894616.0,883.2,3816253.0,1211.75,1842676.0,1005.45,941682.0,393.4,2307119.0,2317.0,4805160.0,130.05,945769.0,866.65,22562759.0,302.3,1087851.0,823.05,4955660.0,1984.65,537745.0,349.6,6247926.0,344.85,662708.0,937.7,594524.0,1336.85,1850014.0,1667.7,1214861.0,1165.95,1804129.0,3648.4,34239.0,6848.1,4093158.0,148.25,2206248.0,309.35,1154448.0,144.95,2524227.0,875.3,12394191.0,267.05,527415.0,511.6,14509.0,9977.9,7641311.0,926.4,3082875.0,516.85,4996552.0,368.9,1366526.0,2500.2,4643882.0,587.25,947654.0,386.5,585545.0,2655.3,5126962.0,445.85,1840543.0,533.8,174706337.0,8213.8,0
247,2539436.0,306.1,2052761.0,765.45,6322607.0,535.0,217394.0,1990.15,20846.0,4007.8,34819.0,1325.45,5188517.0,400.75,1816462.0,765.15,157869.0,2095.05,1434089.0,631.65,3455021.0,372.4,90617.0,1762.3,276789.0,3412.25,48763.0,15175.05,77404.0,3623.7,2901828.0,870.5,3962095.0,1228.25,1985527.0,1004.55,1640501.0,384.0,711394.0,2355.55,6154792.0,131.35,1844291.0,860.6,34043202.0,326.85,1528666.0,827.7,2598375.0,1960.9,1116029.0,351.45,7124405.0,337.55,528814.0,945.2,973808.0,1342.05,2207257.0,1665.45,674885.0,1182.2,1129937.0,3822.6,25326.0,6836.85,3272021.0,151.3,3347533.0,307.55,1929106.0,144.45,3357286.0,865.2,12693457.0,272.5,568704.0,521.35,12983.0,10255.3,5553353.0,924.85,6417077.0,529.85,4159900.0,371.25,1544149.0,2495.0,1776573.0,608.6,612828.0,386.15,461994.0,2688.9,3496279.0,475.85,3071168.0,532.25,183754628.0,8285.6,0
248,1566799.0,312.85,1445757.0,754.4,9301407.0,551.95,152835.0,1978.65,63498.0,3989.5,31023.0,1389.2,11248419.0,387.35,1013258.0,755.95,100540.0,2151.6,1272786.0,629.25,2453973.0,370.95,77656.0,1760.65,233769.0,3382.45,38404.0,15238.1,68473.0,3599.45,2038048.0,887.2,4661402.0,1201.15,1965891.0,993.15,1285180.0,387.05,295438.0,2372.1,7223085.0,130.6,1323821.0,857.7,22274013.0,330.15,1119768.0,833.1,2072264.0,1961.15,738807.0,349.85,6727361.0,328.15,756001.0,957.15,613149.0,1329.8,1416757.0,1655.25,504548.0,1172.65,703698.0,3766.2,41655.0,6565.45,3734159.0,151.6,2963827.0,306.3,1159860.0,143.05,3746012.0,850.0,8217676.0,271.9,1232831.0,542.05,28669.0,10332.5,7229944.0,940.5,3685760.0,520.9,5452386.0,369.95,1009810.0,2487.3,1729917.0,616.9,866439.0,381.85,292385.0,2679.25,2439809.0,468.65,2817203.0,541.65,174958511.0,8239.75,1
249,2916537.0,317.55,2260678.0,762.45,15658642.0,567.8,1262699.0,1948.65,49036.0,4044.3,114668.0,1434.9,8223433.0,381.1,2039936.0,764.75,151288.0,2197.85,2844112.0,636.0,4879254.0,362.75,170848.0,1723.45,801536.0,3310.25,63574.0,15191.6,160442.0,3589.3,3669235.0,880.55,7207702.0,1170.0,3785921.0,988.8,1527245.0,390.2,1052575.0,2328.9,11618447.0,128.6,3001302.0,850.35,18898177.0,331.15,1960263.0,823.8,3283565.0,1942.25,1112443.0,361.2,13358444.0,322.35,1102071.0,932.2,2156534.0,1332.9,2491685.0,1631.3,1623642.0,1145.0,592304.0,3725.85,42919.0,6572.6,5757489.0,150.3,6466227.0,304.0,2306201.0,142.2,7955186.0,862.35,21635216.0,269.75,1801469.0,565.4,12871.0,10192.85,16367861.0,938.85,10009172.0,508.25,6180164.0,360.35,1869027.0,2463.7,2983762.0,621.35,2267714.0,382.8,465521.0,2672.1,5377455.0,490.65,3178167.0,538.6,281696257.0,8181.5,0
250,6375610.0,347.2,1071772.0,779.4,4309985.0,568.35,610067.0,2087.9,32587.0,4192.65,53020.0,1451.1,4528827.0,392.9,1041216.0,783.7,59994.0,2248.4,3045985.0,673.7,1970167.0,369.8,73858.0,1783.45,252822.0,3395.05,26022.0,15334.6,128000.0,3625.0,1676262.0,919.8,4151853.0,1202.2,785362.0,1000.95,1025212.0,393.3,1647793.0,2389.55,4003261.0,133.15,558193.0,861.75,10280364.0,329.3,868300.0,841.7,3340398.0,1993.1,703741.0,364.75,4806248.0,330.2,524622.0,937.95,637716.0,1338.8,1637032.0,1629.3,808018.0,1202.5,478823.0,3757.75,16941.0,6801.45,1870746.0,152.35,11248739.0,328.35,2054279.0,144.15,3446692.0,890.95,8012690.0,277.15,874787.0,558.3,19193.0,10334.3,7780934.0,947.75,5849866.0,506.45,3268455.0,361.65,945315.0,2481.55,2859253.0,611.75,462963.0,385.25,304191.0,2709.05,3005925.0,497.15,987086.0,541.15,136913823.0,8331.95,0
251,4219216.0,342.7,952716.0,781.4,5385676.0,565.85,291839.0,2061.65,32021.0,4290.15,38641.0,1443.7,2442992.0,387.05,944901.0,777.3,86370.0,2344.95,2220174.0,662.3,2200905.0,364.4,82569.0,1748.5,314801.0,3402.65,32344.0,15555.5,69824.0,3580.5,1729767.0,911.95,2910239.0,1180.35,1284501.0,987.65,1765005.0,396.15,775073.0,2357.45,8946517.0,139.35,1663346.0,879.05,9190098.0,328.45,672307.0,836.55,2352129.0,1962.75,612064.0,364.2,8972029.0,326.25,1056107.0,973.2,3340686.0,1423.25,1423615.0,1642.4,657591.0,1179.25,458196.0,3793.05,14582.0,6807.4,2065173.0,150.5,16353635.0,342.15,4499537.0,143.15,4079468.0,892.15,7102772.0,272.05,237685.0,549.45,7432.0,10414.15,4329997.0,958.45,3398712.0,510.45,7665150.0,380.1,1627535.0,2517.85,2826920.0,609.95,593407.0,384.4,150916.0,2709.2,2614949.0,495.1,1617499.0,544.9,156019941.0,8324.8,0
252,2247751.0,331.2,1616619.0,760.85,7698992.0,543.3,649622.0,2020.3,16213.0,4285.4,29814.0,1438.85,13587701.0,390.2,1508176.0,748.2,224146.0,2247.3,3640420.0,636.25,3280440.0,353.1,166725.0,1716.75,407940.0,3353.4,46544.0,15080.3,109082.0,3478.0,2297639.0,891.15,5476440.0,1163.6,2751924.0,970.6,496422.0,392.95,1488751.0,2326.4,9503948.0,137.75,1989322.0,858.2,18152279.0,312.15,985312.0,802.95,2627102.0,1922.05,1767081.0,336.3,13474574.0,318.35,1023238.0,930.5,2351920.0,1351.2,3229157.0,1564.65,1121923.0,1163.15,430929.0,3634.55,17433.0,6802.75,4896975.0,144.6,6867376.0,327.9,3392764.0,140.6,5128997.0,880.25,16335660.0,265.4,205413.0,540.3,45614.0,10330.95,5151640.0,937.15,5925410.0,497.85,5998971.0,367.65,1697203.0,2463.05,3148933.0,608.9,1719756.0,383.4,481825.0,2605.7,3380818.0,478.9,2779652.0,532.35,212509839.0,8097.0,1
253,1709602.0,322.8,1718402.0,765.75,5848608.0,527.35,433821.0,2067.85,12177.0,4180.55,25311.0,1379.75,7914843.0,393.65,1305842.0,729.95,111302.0,2236.35,1896392.0,627.8,2921296.0,360.8,284186.0,1725.15,419936.0,3282.9,75055.0,14806.95,39740.0,3510.55,1819982.0,920.75,3674392.0,1154.25,2934166.0,951.3,1584598.0,394.75,1397408.0,2354.55,5764064.0,134.3,982642.0,866.25,14623801.0,304.6,1753181.0,795.2,1694996.0,1944.0,1234189.0,330.85,7067920.0,322.55,1163516.0,885.85,1454642.0,1308.2,2652013.0,1568.9,978891.0,1170.75,469950.0,3543.6,28509.0,6767.55,3225571.0,142.5,3895409.0,320.05,3064541.0,140.3,3825462.0,870.75,15962706.0,260.95,152186.0,561.05,26718.0,10128.15,3690081.0,927.9,5504557.0,488.1,4140828.0,367.3,1602514.0,2545.25,1954517.0,614.25,1729099.0,369.55,342436.0,2619.15,2026498.0,488.0,2274572.0,538.15,166563657.0,8057.3,1
254,2097977.0,335.1,1127201.0,759.4,10010992.0,540.8,338090.0,2123.05,20226.0,4344.45,19207.0,1425.05,5742562.0,397.95,1110210.0,748.05,93674.0,2203.4,2770332.0,654.7,2285680.0,363.7,184516.0,1722.7,268473.0,3350.45,136892.0,15781.15,65117.0,3493.15,1789684.0,925.5,3665418.0,1185.35,2892983.0,982.0,566084.0,392.7,1079192.0,2300.65,4144037.0,138.95,5244650.0,895.2,14247524.0,317.0,1407570.0,810.45,1444419.0,1957.95,684909.0,335.35,8104600.0,328.0,513144.0,890.25,1087064.0,1329.5,2561524.0,1601.25,477450.0,1180.35,495595.0,3610.55,22452.0,6796.3,2435540.0,142.0,4286108.0,315.5,1680247.0,140.0,3909788.0,889.7,14044596.0,261.95,223216.0,540.85,22945.0,10150.55,4998817.0,940.25,6229295.0,513.7,3452917.0,366.7,1501832.0,2527.25,1400231.0,621.4,5691342.0,353.6,391296.0,2698.0,1845532.0,506.55,1556955.0,540.5,188776090.0,8191.5,1
255,2266220.0,344.05,976348.0,771.65,6700085.0,551.1,312569.0,2182.4,15011.0,4347.1,41095.0,1442.15,4325644.0,396.2,766006.0,750.8,152610.0,2283.2,2078211.0,666.1,3000387.0,371.95,109634.0,1731.45,243378.0,3359.7,245273.0,16871.6,24452.0,3556.75,1796106.0,941.9,3535741.0,1226.1,1682836.0,990.3,606060.0,396.7,887873.0,2384.25,6190079.0,142.5,2712131.0,864.7,8732220.0,323.5,1423467.0,819.65,1196378.0,1993.65,616705.0,338.95,5863983.0,326.45,515322.0,903.2,709506.0,1339.05,2058533.0,1615.3,353530.0,1194.25,288810.0,3651.7,39358.0,6806.3,2446265.0,144.95,3621037.0,319.0,2209463.0,143.0,3249083.0,895.95,17198308.0,276.05,213930.0,552.5,12265.0,10280.8,5241168.0,964.4,5520513.0,529.7,4477605.0,377.1,1286541.0,2556.0,2019842.0,631.3,1343524.0,367.65,500284.0,2823.8,2852382.0,504.75,2101092.0,541.5,197882948.0,8325.25,1
256,1550748.0,334.9,1137027.0,758.35,4943428.0,532.35,267754.0,2128.9,11689.0,4341.5,24330.0,1427.05,6246245.0,391.55,1093698.0,725.9,51633.0,2272.4,2714276.0,664.1,4880073.0,369.2,263806.0,1742.3,1270952.0,3468.9,130485.0,17158.55,100276.0,3488.15,1232315.0,915.65,3890498.0,1191.35,2776892.0,971.95,828428.0,398.65,2015463.0,2466.4,5822453.0,137.6,1837756.0,843.95,12447492.0,308.2,1358401.0,800.25,2071223.0,1947.1,1195427.0,332.35,9530851.0,324.25,468017.0,880.25,685398.0,1318.85,2191857.0,1559.4,815000.0,1177.1,332314.0,3577.45,38069.0,6704.45,4232194.0,141.65,2976367.0,309.65,2560402.0,139.3,3805956.0,868.7,12792368.0,267.4,266017.0,538.7,7493.0,10073.4,4197503.0,949.65,4569616.0,513.55,5474619.0,353.6,1233693.0,2522.9,2539734.0,616.2,901977.0,362.75,321050.0,2748.85,3186825.0,489.1,1432110.0,533.85,178753978.0,8126.95,1
257,3022877.0,340.45,839420.0,762.5,7971625.0,558.5,287030.0,2125.9,17550.0,4327.1,11085.0,1433.05,5804576.0,382.55,951663.0,735.85,95546.0,2282.6,1858476.0,676.6,2227226.0,368.95,127000.0,1744.75,390519.0,3494.15,341744.0,18089.55,32294.0,3514.2,1387412.0,937.3,2388304.0,1219.4,1947962.0,990.25,770066.0,398.7,885648.0,2503.75,9200683.0,133.5,1842567.0,841.05,14028638.0,317.65,1074443.0,817.2,1774771.0,1956.7,1593475.0,335.0,7085304.0,327.85,405842.0,886.9,909085.0,1341.5,1626373.0,1589.7,1048387.0,1206.9,337505.0,3604.1,34511.0,6701.5,10805544.0,138.4,3764563.0,311.1,2305058.0,140.85,3817667.0,885.1,9245732.0,274.3,505786.0,546.6,186423.0,11088.15,2584318.0,954.05,4442178.0,520.45,5396079.0,359.5,931887.0,2515.4,2839628.0,616.35,837838.0,367.4,211737.0,2794.4,4812652.0,507.8,1504313.0,542.25,175015183.0,8235.45,1
258,3075816.0,333.95,1975784.0,796.45,4929250.0,555.85,424064.0,2165.85,27719.0,4384.7,82944.0,1442.15,4943211.0,386.0,1440790.0,756.7,51175.0,2258.3,2412197.0,686.0,2518413.0,370.2,161901.0,1763.05,216864.0,3519.4,178440.0,18176.15,23578.0,3530.25,1126213.0,925.3,1592211.0,1209.7,1113797.0,991.05,1331974.0,396.6,512485.0,2537.5,3697331.0,137.45,1458520.0,846.45,10611045.0,314.95,680132.0,816.65,1558461.0,1934.8,1006003.0,333.95,5358865.0,324.7,765112.0,906.15,846123.0,1326.8,1184764.0,1576.85,1061302.0,1227.15,287801.0,3646.5,20242.0,6854.5,9830755.0,139.05,2838035.0,316.15,1950569.0,139.4,2818365.0,878.2,13101418.0,280.95,379784.0,559.95,82110.0,11327.7,2701006.0,944.4,3587736.0,516.6,3754097.0,366.4,654525.0,2499.25,1443799.0,615.45,527009.0,362.9,169391.0,2796.05,2861613.0,515.25,1025608.0,536.5,138964395.0,8224.2,1
259,1663198.0,329.0,1503598.0,790.3,5825462.0,562.05,175574.0,2186.5,17808.0,4483.9,25467.0,1444.25,3895796.0,392.0,952260.0,767.05,95910.0,2263.9,1187367.0,683.35,2370660.0,366.9,81824.0,1795.0,195407.0,3496.45,150616.0,18722.0,33702.0,3550.25,1702804.0,913.9,1926050.0,1234.3,2038406.0,990.1,697313.0,396.45,309635.0,2529.7,3519076.0,137.0,861417.0,844.8,10922521.0,312.35,1234559.0,833.35,1297336.0,1961.75,536843.0,336.65,3632794.0,326.4,951834.0,876.3,781126.0,1344.55,1841374.0,1591.95,835000.0,1249.05,208258.0,3671.2,23138.0,7031.3,2906361.0,136.1,2216765.0,318.9,3546636.0,140.05,1904490.0,873.95,18247889.0,287.45,1287121.0,564.15,65851.0,11820.4,2563043.0,946.35,4038816.0,519.9,5169337.0,364.1,730727.0,2511.15,1245727.0,618.35,557137.0,367.95,165461.0,2805.4,1609375.0,521.35,1010864.0,538.45,133838055.0,8262.35,1
260,1370344.0,339.35,6759860.0,766.75,3944770.0,567.5,275731.0,2220.7,15292.0,4460.55,26362.0,1459.55,4385982.0,397.45,1596585.0,792.8,52922.0,2293.85,864835.0,685.55,1902932.0,366.1,97830.0,1814.95,346822.0,3622.45,162657.0,18597.75,54682.0,3551.65,1507066.0,930.55,1779600.0,1264.3,1428326.0,1009.85,643910.0,392.55,812046.0,2520.55,5044666.0,139.1,794940.0,852.7,6935851.0,316.25,995778.0,846.35,1617494.0,1993.05,909065.0,343.4,4606380.0,333.0,1146851.0,911.85,524135.0,1364.35,1194770.0,1612.35,471475.0,1263.65,183483.0,3697.6,37666.0,7077.35,3200431.0,136.15,3057345.0,321.75,8419389.0,140.05,2250982.0,891.55,13266119.0,289.75,1008814.0,557.85,52061.0,11804.25,2137699.0,956.95,4363711.0,520.7,2393588.0,364.15,2253876.0,2520.4,2241358.0,612.6,796620.0,378.75,269975.0,2900.1,2886536.0,527.7,1064875.0,544.25,153340463.0,8373.65,0
261,1685421.0,339.85,3903935.0,774.75,6047850.0,561.45,212926.0,2202.6,14072.0,4481.55,17324.0,1466.25,5446018.0,398.0,680420.0,784.3,78799.0,2324.75,848057.0,682.7,3367308.0,363.65,151728.0,1799.3,386982.0,3636.0,104516.0,18251.5,76221.0,3590.5,1294467.0,934.15,1645261.0,1240.55,1196587.0,1007.55,596400.0,385.3,923546.0,2580.75,4364176.0,139.95,1115144.0,844.75,8240774.0,315.35,816702.0,845.7,2568019.0,2022.35,434787.0,344.75,5713959.0,332.55,567659.0,922.6,784230.0,1377.3,1521198.0,1620.7,695006.0,1253.85,175567.0,3706.75,26114.0,7028.7,2576477.0,136.1,2911288.0,317.6,3709872.0,138.75,3317436.0,895.55,14541041.0,288.45,719595.0,579.45,42939.0,11601.4,2047194.0,957.05,5500642.0,509.8,2939636.0,368.35,978861.0,2512.7,1760702.0,619.25,711652.0,379.55,639626.0,2971.4,1198711.0,521.15,2316793.0,552.6,144642344.0,8365.65,0
262,1660453.0,343.05,1793967.0,771.2,4763209.0,558.25,399901.0,2151.35,82763.0,4498.75,57779.0,1450.35,5088247.0,400.55,550826.0,786.95,257355.0,2332.05,884919.0,688.55,3619042.0,361.35,866607.0,1783.45,244898.0,3608.75,105092.0,18528.5,40758.0,3595.4,1536772.0,960.1,1538286.0,1270.05,1002210.0,1024.05,429483.0,384.75,688445.0,2579.4,3050410.0,138.95,1051609.0,855.6,6868246.0,318.75,750251.0,851.55,1470547.0,2047.3,389559.0,343.6,3441367.0,331.95,703734.0,921.85,533110.0,1384.75,961762.0,1612.55,582561.0,1250.75,218115.0,3711.9,30255.0,6961.6,3682064.0,136.15,2039694.0,314.55,2907264.0,140.8,1990706.0,908.85,11807544.0,292.6,226896.0,563.75,67457.0,11660.2,2163245.0,965.35,6385674.0,505.25,6440489.0,361.3,948907.0,2557.05,2353164.0,640.8,476821.0,376.15,631734.0,3032.25,1776499.0,517.15,1471459.0,564.0,127388797.0,8423.25,1
263,2609479.0,348.4,1678041.0,777.2,6157883.0,570.45,2610990.0,2300.3,48428.0,4577.0,47255.0,1460.55,2549715.0,396.45,581258.0,776.95,163160.0,2287.85,1596030.0,674.35,3494856.0,373.7,255337.0,1841.35,229870.0,3619.2,43124.0,18413.3,73592.0,3675.5,1046384.0,970.25,1869513.0,1255.95,983595.0,1024.7,667544.0,393.3,531936.0,2602.4,3942179.0,139.1,998351.0,864.35,10120640.0,313.55,503688.0,848.2,2514828.0,2048.45,570042.0,348.9,4787885.0,327.4,480276.0,923.75,541906.0,1397.5,1634186.0,1638.3,646036.0,1248.95,198709.0,3698.1,30907.0,6948.9,3683930.0,134.95,2092915.0,318.3,1478701.0,139.5,2459446.0,896.75,12118415.0,290.25,112717.0,563.4,25973.0,11688.35,4649220.0,981.25,4708702.0,511.2,10255440.0,342.25,789789.0,2555.5,2427489.0,655.6,351909.0,376.0,706556.0,3064.6,2540373.0,538.8,1459842.0,564.25,148189485.0,8421.0,1
264,2369700.0,348.95,1039136.0,775.4,4265332.0,568.65,920884.0,2307.45,16453.0,4507.0,15989.0,1471.25,3235169.0,394.9,563485.0,782.3,785651.0,2430.85,1181691.0,673.9,1724948.0,374.75,217903.0,1852.95,205401.0,3642.65,69903.0,18696.75,30207.0,3640.45,1497830.0,984.15,1816951.0,1288.05,1172384.0,1024.3,654908.0,387.2,138833.0,2603.45,2577977.0,136.9,1369038.0,863.75,8131740.0,313.6,760999.0,852.6,1722206.0,2046.45,562819.0,348.45,8321097.0,329.15,392775.0,922.15,443758.0,1387.3,1765110.0,1653.45,751331.0,1255.65,135158.0,3702.55,42396.0,6995.9,4675857.0,135.35,2595548.0,323.05,3026627.0,140.95,1908452.0,903.85,69490117.0,282.45,587007.0,570.4,31325.0,11643.75,4813876.0,1003.75,4744826.0,514.65,3923140.0,341.3,1345816.0,2617.9,1589768.0,667.05,438670.0,370.45,303833.0,2975.4,1324857.0,537.65,1983773.0,560.5,193080657.0,8458.95,0
265,1420555.0,342.9,1282826.0,761.9,3426379.0,562.1,414481.0,2298.85,20500.0,4503.35,19768.0,1481.5,5388695.0,399.9,986328.0,791.8,244821.0,2507.0,1333330.0,660.2,1558758.0,369.9,368518.0,1815.8,200209.0,3585.45,177790.0,19173.4,22982.0,3567.65,1645683.0,999.15,1035874.0,1252.65,1092265.0,1023.55,564640.0,394.1,178329.0,2588.1,2879752.0,134.5,642231.0,852.45,4982920.0,312.15,516256.0,854.1,1168952.0,2016.8,458218.0,348.85,15619894.0,316.8,575054.0,907.2,618529.0,1375.1,931623.0,1630.25,378465.0,1259.9,81113.0,3692.75,12915.0,6936.6,1498913.0,134.25,3716002.0,329.55,3125865.0,143.1,1512612.0,894.5,20356833.0,277.65,398793.0,578.9,36410.0,11679.5,2000807.0,1002.15,3080546.0,505.3,3894467.0,332.0,491489.0,2601.0,1795055.0,648.45,406302.0,371.0,160917.0,2935.0,2123650.0,551.6,1552433.0,563.1,125051166.0,8370.25,0
266,1576396.0,345.25,906103.0,763.5,2475418.0,564.25,275643.0,2321.3,37202.0,4483.3,22930.0,1482.0,6289299.0,400.55,501651.0,781.75,130310.0,2513.65,989654.0,659.05,1825840.0,375.0,133602.0,1841.05,290429.0,3547.25,198663.0,18909.3,30068.0,3572.2,1231054.0,993.5,1157981.0,1240.45,1226586.0,1027.4,288405.0,393.2,428351.0,2613.85,2693352.0,134.3,732655.0,855.35,5005001.0,309.7,552759.0,852.95,991260.0,2007.3,369295.0,347.65,7349088.0,314.0,717739.0,917.2,380522.0,1382.4,1373020.0,1618.4,352702.0,1263.05,252919.0,3726.45,62840.0,6805.35,7013048.0,132.5,1986630.0,322.5,1249015.0,143.05,2173883.0,884.6,9675703.0,277.15,158937.0,558.9,97018.0,11788.7,2570872.0,994.85,7389680.0,497.6,2899173.0,332.85,980870.0,2608.85,2608856.0,640.25,251010.0,370.6,271690.0,2906.85,4126700.0,565.25,1204749.0,558.25,120428892.0,8339.35,0
267,2585896.0,338.9,792609.0,759.25,4120709.0,577.8,504244.0,2312.4,42730.0,4411.6,51794.0,1532.85,5060958.0,408.75,834003.0,796.9,282218.0,2578.75,1529286.0,661.1,2478570.0,383.05,183800.0,1825.3,239924.0,3586.65,193444.0,18363.05,77780.0,3578.7,1472721.0,991.5,2128114.0,1239.9,804648.0,1038.15,726131.0,392.5,396976.0,2606.3,3168751.0,133.55,530542.0,857.7,11415591.0,313.15,307557.0,860.3,2113677.0,1968.5,692448.0,358.65,6089123.0,317.7,480563.0,919.95,651593.0,1374.55,1050392.0,1635.4,998786.0,1222.8,283565.0,3721.9,61700.0,7062.5,6935826.0,134.25,2318614.0,332.0,639714.0,143.2,1846549.0,885.3,12176680.0,280.75,96124.0,560.4,56381.0,11425.95,2738544.0,975.55,15936377.0,471.75,2890064.0,328.15,810345.0,2615.25,22929044.0,549.1,215459.0,372.2,335348.0,2885.15,4634250.0,537.1,1677377.0,552.35,170583401.0,8334.6,0
268,3394601.0,333.0,1051538.0,767.35,8272414.0,574.65,418946.0,2302.95,19935.0,4424.2,57713.0,1529.85,7227151.0,403.0,2928864.0,817.7,489328.0,2657.25,2667994.0,644.0,3353352.0,383.35,155895.0,1807.85,291373.0,3527.95,191536.0,17986.2,138427.0,3511.85,1668616.0,980.1,3185460.0,1229.25,2390290.0,1029.4,641305.0,387.55,1494418.0,2643.4,10174628.0,131.6,2062630.0,846.2,10472983.0,314.5,1570880.0,855.3,2745135.0,2016.6,977447.0,360.65,13330144.0,321.45,1121924.0,916.1,1597805.0,1368.15,1755497.0,1626.75,1189118.0,1198.15,317937.0,3708.9,34215.0,7057.65,7942822.0,134.65,5674791.0,327.9,2164797.0,143.2,6066339.0,875.8,13024987.0,277.6,109226.0,563.8,53513.0,10903.1,7781595.0,954.8,11792862.0,484.35,4644009.0,324.7,1381804.0,2609.5,11498735.0,545.1,1467589.0,380.25,335276.0,2917.45,4624566.0,518.9,2317827.0,554.55,239549060.0,8319.0,0
269,3711024.0,323.85,2583950.0,787.05,3421723.0,585.4,549255.0,2316.1,236313.0,4216.55,35195.0,1527.1,67772622.0,425.6,2342645.0,850.15,453938.0,2544.7,3757040.0,650.45,6003508.0,391.05,226306.0,1819.9,758340.0,3535.25,1286070.0,18896.45,87934.0,3640.65,5679338.0,1010.75,8462128.0,1236.05,1264670.0,1050.55,862497.0,387.2,701724.0,2696.85,11477479.0,129.25,3787109.0,859.55,20604276.0,317.25,739227.0,873.95,4748261.0,2023.15,3149915.0,356.2,13200568.0,327.1,1060555.0,916.3,656184.0,1399.3,2794379.0,1654.45,3453656.0,1258.1,432656.0,3785.7,108338.0,6751.55,46162369.0,136.55,8682428.0,329.85,1953884.0,143.7,6692348.0,877.0,14809918.0,278.15,151367.0,563.3,856719.0,11336.2,7065774.0,966.1,7892019.0,481.65,3721535.0,328.5,2211766.0,2610.3,4961544.0,554.4,312544.0,378.3,415630.0,2975.3,31588737.0,552.65,3310309.0,561.7,375232198.0,8433.65,0
270,3889157.0,311.55,713447.0,789.75,3142413.0,578.45,284450.0,2337.75,40382.0,4379.9,17029.0,1504.8,4260493.0,416.6,1314827.0,860.75,187562.0,2567.9,2655528.0,662.1,2859251.0,391.8,46641.0,1826.85,158443.0,3538.45,109638.0,18777.9,28847.0,3613.45,1152294.0,973.3,1565269.0,1247.75,960330.0,1036.2,1139523.0,385.2,510174.0,2710.0,3272418.0,128.35,950336.0,880.8,6928887.0,316.45,641892.0,882.95,1431223.0,2047.8,927732.0,354.75,6707044.0,332.05,425861.0,909.25,501231.0,1392.75,3591205.0,1705.55,621123.0,1258.1,571376.0,3882.85,68323.0,6670.2,4735162.0,138.55,1926340.0,324.1,8896408.0,143.1,4479082.0,902.25,11567692.0,278.2,140781.0,577.9,62420.0,11420.9,14265602.0,877.65,4610219.0,472.05,1977913.0,329.65,441132.0,2617.75,1842699.0,550.6,232939.0,376.3,199856.0,3005.4,3212973.0,543.05,836468.0,563.55,125990614.0,8433.4,0
271,7395219.0,309.15,1014316.0,759.2,6978299.0,553.1,516279.0,2270.7,26724.0,4284.7,249153.0,1505.3,4289191.0,418.1,1115533.0,846.75,118697.0,2509.1,1725187.0,641.3,2191899.0,383.5,101029.0,1812.85,172239.0,3473.75,109788.0,18145.2,49177.0,3502.35,1165720.0,952.7,2840010.0,1203.1,1181502.0,1008.8,1142259.0,385.1,822000.0,2608.6,4980345.0,123.25,928603.0,852.75,12711099.0,304.5,885470.0,847.15,1168285.0,2008.65,629472.0,349.1,7232445.0,318.65,575481.0,878.3,737049.0,1359.3,2915736.0,1673.55,712824.0,1224.6,329350.0,3831.4,75154.0,6803.25,4147306.0,137.95,3007634.0,320.3,2607559.0,142.5,4612571.0,898.65,21653784.0,266.25,259120.0,579.65,25724.0,11304.7,7192196.0,860.75,6237231.0,466.95,2315060.0,321.75,1967910.0,2599.9,2276829.0,549.4,322834.0,368.95,190073.0,2910.25,1914326.0,531.1,1017819.0,548.8,151337661.0,8236.45,0
272,24022178.0,297.25,867736.0,762.7,5114150.0,550.9,231100.0,2240.0,25933.0,4324.85,531267.0,1516.6,3654504.0,420.7,1040405.0,839.2,185017.0,2511.6,1140795.0,635.15,4210717.0,387.25,275268.0,1770.7,148267.0,3428.05,89795.0,18191.15,52894.0,3406.7,1809987.0,952.3,1669000.0,1202.85,1456208.0,1005.55,1277067.0,384.8,555765.0,2576.95,3508099.0,121.95,1074518.0,831.45,20755721.0,295.75,505601.0,842.6,1373949.0,2020.9,795150.0,338.9,13782613.0,304.4,876120.0,879.6,805399.0,1345.95,2139998.0,1653.65,638284.0,1204.85,277700.0,3777.2,390444.0,6186.95,6953216.0,138.45,3432686.0,307.85,3391462.0,143.2,3553618.0,896.35,25967877.0,257.4,34093.0,577.75,23181.0,10871.65,6496553.0,842.4,9702740.0,456.85,2934090.0,316.25,902342.0,2610.9,3675701.0,547.35,407702.0,367.65,135557.0,2831.1,2228295.0,539.9,1863451.0,545.6,176661646.0,8135.1,0
